{
  "dataset": "Medimodel Human_Skull_2 CT",
  "source": "512\u00d7512, 16-bit, JPEG Lossless DICOM",
  "slices_evaluated": [
    "I50.dcm",
    "I100.dcm",
    "I150.dcm",
    "I200.dcm",
    "I250.dcm"
  ],
  "quality_levels": [
    30,
    60,
    90
  ],
  "results": [
    {
      "slice": "I50.dcm",
      "shape": [
        512,
        512
      ],
      "value_range": [
        -3024.0,
        2269.0
      ],
      "qualities": {
        "30": {
          "compressed_bytes": 33786,
          "bits_per_pixel": 1.03106689453125,
          "compression_ratio": 15.51790682531226,
          "rmse": 304.3243103027344,
          "psnr_db": 46.6627311706543,
          "ssim": 0.9741740310769353,
          "edge_rmse": 1112.0748291015625,
          "edge_psnr_db": 18.29256248474121
        },
        "60": {
          "compressed_bytes": 34669,
          "bits_per_pixel": 1.058013916015625,
          "compression_ratio": 15.122674435374542,
          "rmse": 198.3368377685547,
          "psnr_db": 50.38139724731445,
          "ssim": 0.986647718323417,
          "edge_rmse": 764.7647705078125,
          "edge_psnr_db": 21.54468536376953
        },
        "90": {
          "compressed_bytes": 38109,
          "bits_per_pixel": 1.162994384765625,
          "compression_ratio": 13.757590070587,
          "rmse": 89.69123840332031,
          "psnr_db": 57.27446746826172,
          "ssim": 0.9977100212797138,
          "edge_rmse": 390.3443603515625,
          "edge_psnr_db": 27.38628387451172
        }
      }
    },
    {
      "slice": "I100.dcm",
      "shape": [
        512,
        512
      ],
      "value_range": [
        -3024.0,
        381.0
      ],
      "qualities": {
        "30": {
          "compressed_bytes": 33692,
          "bits_per_pixel": 1.0281982421875,
          "compression_ratio": 15.561201472159564,
          "rmse": 262.07080078125,
          "psnr_db": 47.961090087890625,
          "ssim": 0.9845518371690825,
          "edge_rmse": 832.150390625,
          "edge_psnr_db": 20.818004608154297
        },
        "60": {
          "compressed_bytes": 34129,
          "bits_per_pixel": 1.041534423828125,
          "compression_ratio": 15.361950247590027,
          "rmse": 194.72784423828125,
          "psnr_db": 50.5409049987793,
          "ssim": 0.9865562706891489,
          "edge_rmse": 592.2833251953125,
          "edge_psnr_db": 23.771453857421875
        },
        "90": {
          "compressed_bytes": 36178,
          "bits_per_pixel": 1.10406494140625,
          "compression_ratio": 14.491901155398308,
          "rmse": 77.76347351074219,
          "psnr_db": 58.51395034790039,
          "ssim": 0.9986556304202037,
          "edge_rmse": 327.3047790527344,
          "edge_psnr_db": 28.922996520996094
        }
      }
    },
    {
      "slice": "I150.dcm",
      "shape": [
        512,
        512
      ],
      "value_range": [
        -1024.0,
        1879.0
      ],
      "qualities": {
        "30": {
          "compressed_bytes": 33393,
          "bits_per_pixel": 1.019073486328125,
          "compression_ratio": 15.700536040487528,
          "rmse": 197.54010009765625,
          "psnr_db": 50.416358947753906,
          "ssim": 0.9825546907025859,
          "edge_rmse": 706.884765625,
          "edge_psnr_db": 23.951004028320312
        },
        "60": {
          "compressed_bytes": 33754,
          "bits_per_pixel": 1.03009033203125,
          "compression_ratio": 15.532618356342953,
          "rmse": 177.94833374023438,
          "psnr_db": 51.323585510253906,
          "ssim": 0.985235543686202,
          "edge_rmse": 461.8125305175781,
          "edge_psnr_db": 27.64866065979004
        },
        "90": {
          "compressed_bytes": 35668,
          "bits_per_pixel": 1.0885009765625,
          "compression_ratio": 14.699114051811147,
          "rmse": 47.035865783691406,
          "psnr_db": 62.880882263183594,
          "ssim": 0.9987672685759257,
          "edge_rmse": 203.27716064453125,
          "edge_psnr_db": 34.77620315551758
        }
      }
    },
    {
      "slice": "I200.dcm",
      "shape": [
        512,
        512
      ],
      "value_range": [
        -1024.0,
        1770.0
      ],
      "qualities": {
        "30": {
          "compressed_bytes": 33441,
          "bits_per_pixel": 1.020538330078125,
          "compression_ratio": 15.678000059806823,
          "rmse": 189.76458740234375,
          "psnr_db": 50.765159606933594,
          "ssim": 0.9838670129072691,
          "edge_rmse": 608.7374877929688,
          "edge_psnr_db": 18.72459602355957
        },
        "60": {
          "compressed_bytes": 33736,
          "bits_per_pixel": 1.029541015625,
          "compression_ratio": 15.540905857244487,
          "rmse": 180.64125061035156,
          "psnr_db": 51.1931266784668,
          "ssim": 0.9845465520264222,
          "edge_rmse": 364.2298278808594,
          "edge_psnr_db": 23.185688018798828
        },
        "90": {
          "compressed_bytes": 35292,
          "bits_per_pixel": 1.0770263671875,
          "compression_ratio": 14.855718009747251,
          "rmse": 37.86296844482422,
          "psnr_db": 64.76517486572266,
          "ssim": 0.999247502186443,
          "edge_rmse": 152.52377319335938,
          "edge_psnr_db": 30.746444702148438
        }
      }
    },
    {
      "slice": "I250.dcm",
      "shape": [
        512,
        512
      ],
      "value_range": [
        -1024.0,
        1920.0
      ],
      "qualities": {
        "30": {
          "compressed_bytes": 33388,
          "bits_per_pixel": 1.0189208984375,
          "compression_ratio": 15.702887264885588,
          "rmse": 209.42138671875,
          "psnr_db": 49.90904235839844,
          "ssim": 0.979915762186273,
          "edge_rmse": 767.7390747070312,
          "edge_psnr_db": 23.22490882873535
        },
        "60": {
          "compressed_bytes": 33847,
          "bits_per_pixel": 1.032928466796875,
          "compression_ratio": 15.489940024226668,
          "rmse": 177.07154846191406,
          "psnr_db": 51.366493225097656,
          "ssim": 0.9857322866577442,
          "edge_rmse": 495.42144775390625,
          "edge_psnr_db": 27.029685974121094
        },
        "90": {
          "compressed_bytes": 35862,
          "bits_per_pixel": 1.09442138671875,
          "compression_ratio": 14.61959734537951,
          "rmse": 48.32407760620117,
          "psnr_db": 62.64619445800781,
          "ssim": 0.9986691333580614,
          "edge_rmse": 210.82638549804688,
          "edge_psnr_db": 34.45068359375
        }
      }
    }
  ]
}